bloc,month_first_10pct,pct
Centre / Majorite,2023-12,30.0
Droite,2024-12,13.333333333333334
Gauche moderee,2023-10,27.450980392156865
Gauche radicale,2023-10,26.51162790697674
