arena_Twitter_coef,arena_Twitter_p
-0.022750418821992493,0.3358235921042526
