bloc,n_tweets,n_deputies,tweets_per_deputy
Centre / Majorite,944,56,16.857142857142858
Droite,1150,58,19.82758620689655
Gauche moderee,814,23,35.391304347826086
Gauche radicale,6227,51,122.09803921568627
