,sum_sq,df,F,PR(>F)
C(bloc),7103.76230338046,3.0,3187.0775808582025,0.0
C(batch),123.87932503211394,6.0,27.789008322661456,6.696334031590087e-33
C(arena),8.86026578683701,1.0,11.925379782021468,0.0005576506490594642
C(bloc):C(batch),49.163218323092806,18.0,3.6761503793983414,2.211347139863675e-07
Residual,4365.724422625399,5876.0,,
