bloc,month_first_10pct,pct
Centre / Majorite,2023-12,0.3
Droite,2024-12,0.1333333333333333
Gauche moderee,2023-10,0.2026143790849673
Gauche radicale,2023-10,0.2325581395348837
