bloc,stance_complet,stance_panel_b4,n_complet,n_panel,delta
Gauche radicale,1.5741444866920151,1.632726617408542,6838,5549,0.05858213071652685
Gauche moderee,0.925849639546859,0.9651741293532339,971,402,0.03932448980637493
Centre / Majorite,-0.7689724647414372,-1.1578947368421053,1489,475,-0.3889222721006681
Droite,-1.3780487804878048,-1.5433255269320842,1476,427,-0.16527674644427948
