quintile,mean_abs_stance,mean_stance,n
0,1.0001012145748989,-0.7755398110661268,38
1,1.1037594614444708,-0.7991926826841438,37
2,1.0083608756985318,-0.37618218128609976,38
3,1.2183780332183678,0.027877539211564415,37
4,1.567297907254435,1.2031783620297716,38
